Year,AS-RCEC_TaiESM1_r1i1p1f1,AWI_AWI-CM-1-1-MR_r1i1p1f1,CCCma_CanESM5_r1i1p1f1,CCCR-IITM_IITM-ESM_r1i1p1f1,CMCC_CMCC-CM2-SR5_r1i1p1f1,CMCC_CMCC-ESM2_r1i1p1f1,CNRM-CERFACS_CNRM-CM6-1-HR_r1i1p1f2,CNRM-CERFACS_CNRM-CM6-1_r1i1p1f2,CNRM-CERFACS_CNRM-ESM2-1_r1i1p1f2,CSIRO-ARCCSS_ACCESS-CM2_r1i1p1f1,EC-Earth-Consortium_EC-Earth3-CC_r1i1p1f1,INM_INM-CM4-8_r1i1p1f1,INM_INM-CM5-0_r1i1p1f1,IPSL_IPSL-CM6A-LR_r1i1p1f1,KIOST_KIOST-ESM_r1i1p1f1,MIROC_MIROC6_r1i1p1f1,MIROC_MIROC-ES2L_r1i1p1f2,MOHC_HadGEM3-GC31-LL_r1i1p1f3,MOHC_HadGEM3-GC31-MM_r1i1p1f3,MOHC_UKESM1-0-LL_r1i1p1f2,MPI-M_MPI-ESM1-2-LR_r1i1p1f1,MRI_MRI-ESM2-0_r1i1p1f1,NCAR_CESM2-WACCM_r1i1p1f1,NCC_NorESM2-MM_r1i1p1f1,NIMS-KMA_KACE-1-0-G_r1i1p1f1,NOAA-GFDL_GFDL-ESM4_r1i1p1f1,NUIST_NESM3_r1i1p1f1
1850,-0.19146,0.00955,0.09293,0.05698,0.00689,0.06031,0.04346,0.07957,0.09259,0.10378,0.2106,0.0598,0.05641,-0.21447,0.49183,-0.08835,-0.07821,-0.01947,0.09536,-0.06185,-0.04268,0.0571,-0.0596,0.111,-0.04147,-0.08237,-0.03202
1851,-0.06173,-0.03335,-0.16048,-0.07673,0.06388,0.16388,-0.02573,0.03394,0.27273,0.11354,0.33983,0.03542,0.02866,-0.03325,0.41176,-0.12622,0.08074,0.02144,0.15416,-0.05315,-0.06191,0.10956,-0.24344,0.13086,-0.07097,-0.16805,0.11432
1852,-0.05314,-0.02439,-0.08938,0.00479,-0.0685,0.06441,0.01637,0.01168,0.1978,0.26984,0.21747,0.05641,-0.00422,-0.04389,0.34384,-0.10349,0.00727,0.10193,0.049,0.0533,-0.05532,0.02889,-0.11983,0.02639,-0.02209,0.04044,0.0293
1853,-0.03604,0.03438,0.06258,0.08845,0.21209,0.04556,0.053,0.02239,0.0657,0.16574,0.27629,0.04151,0.0354,0.03098,0.23791,-0.05119,-0.17635,-0.01304,-0.05677,0.10132,0.29333,-0.07487,-0.1821,-0.00449,0.02559,0.08704,-0.09838
1854,-0.0271,0.21346,-0.07591,0.1559,0.16521,0.06533,0.04037,0.02584,0.06632,0.23462,0.29611,0.00768,0.02002,0.126,0.07377,0.21178,-0.16247,-0.17434,0.11058,0.02356,0.15864,-0.11529,-0.20024,0.25821,-0.05575,-0.12294,-0.02075
1855,-0.11724,0.21961,-0.12673,-0.01033,0.16581,0.20802,0.11992,0.00516,-0.21198,0.00773,0.2683,-0.02207,0.09191,0.03682,0.27998,0.31603,0.07175,0.06054,0.12549,-0.10441,0.01489,0.06464,-0.04216,0.25714,0.01043,-0.19783,-0.06931
1856,0.04972,0.04717,-0.07713,0.11529,0.25705,0.26837,0.00504,0.03611,-0.04499,0.03655,0.25066,0.05713,0.07193,0.16127,0.20022,-0.14732,0.05412,0.16532,0.09355,0.08989,-0.05076,0.06381,0.04723,-0.09227,0.02207,0.02746,-0.04924
1857,0.02493,-0.08246,-0.08456,-0.10264,0.28352,0.15717,-0.01354,0.18042,0.0434,0.09638,0.34262,0.04957,0.07816,0.12014,-0.20039,-0.10319,0.1045,0.1416,0.09724,0.10885,0.02783,-0.00721,0.03281,-0.12193,0.0246,0.0769,-0.03194
1858,0.11491,0.02959,-0.10744,0.03418,0.23503,0.15223,-0.08625,0.14984,-0.12998,0.01232,0.28856,0.05156,0.07106,0.05765,-0.06631,-0.06005,0.02555,0.06146,0.16584,0.09062,0.01633,-0.02645,-0.14949,-0.12697,-0.01243,-0.08244,0.08088
1859,0.06976,0.04986,0.01927,-0.05376,0.15227,0.23784,-0.00096,0.09195,0.16971,0.12436,0.24287,-0.03706,0.05807,0.17426,-0.11284,0.07562,0.00194,0.08324,0.21129,0.13064,0.06818,0.14546,-0.009,-0.09916,0.07517,-0.03216,0.05796
1860,0.2355,-0.00258,-0.01792,-0.12478,0.11278,0.17236,0.01725,0.12144,0.16303,0.09204,0.09696,-0.08221,0.08757,0.00822,0.02016,-0.01776,0.11395,0.09856,0.05011,0.05721,0.07413,-0.00677,-0.01551,-0.02241,0.00833,-0.1119,-0.01408
1861,0.32366,0.23909,-0.05232,-0.12025,0.11734,0.15546,-0.18384,-0.08065,-0.05067,-0.02838,0.11817,-0.11408,0.03334,0.18921,0.03521,-0.08501,0.05013,0.02629,0.13929,0.15221,0.16862,-0.03645,-0.19655,-0.12846,-0.0316,-0.19807,0.00853
1862,0.01846,-0.10866,-0.20286,-0.07777,0.13406,0.1238,-0.08186,-0.17004,0.02611,-0.04205,0.04892,-0.02948,-0.02192,-0.20615,-0.01151,0.04623,0.00125,-0.04603,-0.0818,0.06717,-0.02669,-0.08057,-0.27778,-0.11044,-0.10504,-0.18312,-0.12339
1863,-0.0044,-0.01088,-0.06479,-0.02467,-0.05067,0.15967,-0.08713,-0.03185,0.11913,-0.13005,-0.11695,-0.11752,-0.14159,-0.07855,-0.15414,0.19278,-0.01705,0.01455,0.0303,0.09683,0.00375,0.01375,-0.16455,-0.02101,-0.11646,-0.14672,0.04517
1864,0.11773,0.05352,-0.0768,-0.17407,-0.13892,0.08895,-0.11547,0.12401,0.12798,-0.02124,-0.16922,-0.06945,-0.05086,0.01973,-0.04213,-0.14001,0.09318,0.14402,0.10168,0.079,0.21472,-0.11391,-0.09183,0.12771,-0.01793,-0.01173,-0.08159
1865,0.13901,-0.00177,-0.19993,-0.05797,-0.07645,0.12778,-0.0621,-0.01961,-0.16835,-0.08609,-0.11469,-0.07505,0.0212,0.13127,0.11174,-0.25049,0.29611,0.22602,0.03418,-0.10957,0.16442,0.00947,-0.0479,0.18443,-0.18495,0.07125,-0.00845
1866,0.12754,0.09644,0.03825,0.02748,-0.19177,0.27555,-0.04297,0.0403,0.07629,-0.06291,0.07553,-0.05084,0.02193,0.26111,-0.23079,-0.18838,0.09826,0.21388,0.1741,-0.03107,0.01001,-0.0526,0.12685,0.35629,-0.00094,0.0697,0.00376
1867,0.05207,0.0224,0.1824,-0.09081,-0.01134,0.34377,-0.1489,0.03481,0.14782,0.03876,-0.14816,0.02479,0.01035,0.11612,0.05525,-0.10102,-0.16896,0.11695,0.27298,-0.00812,0.0576,-0.08002,0.13126,0.31794,-0.05163,0.03234,-0.10175
1868,0.06768,0.02651,0.03439,-0.02745,0.07042,0.31571,-0.10229,-0.00634,0.02395,-0.10502,-0.06946,-0.05677,0.02174,-0.02511,0.14332,0.0985,-0.0268,-0.03219,0.16335,-0.04945,-0.02767,0.02433,0.10304,-0.03043,0.01425,-0.03964,-0.16798
1869,-0.02734,0.19565,-0.00454,0.09366,0.28428,-0.00301,-0.06563,0.0603,0.14404,-0.04974,0.03417,-0.03137,0.09031,-0.08139,-0.02848,0.23874,0.04961,-0.00309,-0.04126,-0.22971,-0.01339,-0.11127,-0.07717,-0.05993,0.00502,-0.02219,-0.05464
1870,0.08097,0.14962,0.05257,0.04504,0.20913,-0.15369,-0.0471,0.05663,0.09779,0.01492,0.01401,0.03329,0.09359,0.04386,0.04022,0.0778,0.02463,0.10296,-0.11424,-0.33527,0.15472,-0.07824,0.03009,-0.12762,-0.06961,0.01409,-0.04056
1871,0.16041,-0.10377,-0.02239,0.24048,0.08844,0.12951,-0.05001,0.03993,0.20989,0.06646,-0.10213,0.09687,-0.00392,0.13092,0.12368,0.08007,0.18799,0.11547,0.01189,-0.15624,0.08282,0.0063,0.08411,-0.00834,-0.02158,0.01253,0.02065
1872,0.17106,-0.08791,-0.04166,-0.04344,0.1289,0.17364,-0.1103,-0.00185,0.0859,0.18883,0.14802,0.10521,0.04489,0.2422,-0.07449,0.04122,0.34458,0.02965,0.19447,0.11816,0.04075,-0.1592,-0.08962,0.03803,-0.11355,0.06731,-0.14784
1873,0.12593,-0.0121,0.00173,-0.16105,0.12651,0.21093,-0.073,-0.0844,0.14086,-0.09187,-0.04825,0.04439,0.02493,0.24149,0.22443,0.13486,0.05051,-0.11826,-0.02313,0.15518,0.02368,-0.26134,-0.0017,0.02645,-0.03394,-0.03986,0.03304
1874,-0.055,-0.04157,-0.07351,-0.1811,0.1091,0.16483,-0.07609,0.06274,-0.02523,0.10248,-0.17249,0.03343,-0.08576,0.15114,0.01475,0.20594,-0.00121,-0.15437,-0.15418,-0.04767,-0.08919,-0.15634,0.05752,0.28608,0.16033,0.06777,0.05591
1875,0.09023,0.02835,0.04976,0.08747,0.05465,-0.03961,0.04096,-0.15278,-0.00168,0.06005,-0.19267,0.12385,-0.01594,0.05703,-0.02889,-0.01796,0.25895,-0.01764,0.05223,-0.08352,-0.16151,0.07047,-0.02562,0.18072,0.12726,0.06784,0.10272
1876,0.20548,0.0914,0.11476,-0.15023,-0.03445,0.00534,-0.05504,-0.00015,0.03378,0.01331,-0.06497,0.04671,0.00598,0.17434,0.09606,0.02792,0.41438,0.04808,0.10338,-0.04823,-0.1434,0.00664,-0.05722,0.01516,-0.12892,-0.03291,0.00881
1877,0.16548,-0.10753,0.06703,0.01593,-0.03081,0.11636,-0.04794,0.17944,0.14844,0.11673,0.0003,-0.03085,0.17396,0.18508,-0.15316,-0.08157,0.19328,-0.00293,0.14997,0.08247,-0.06971,0.07507,0.01417,0.24918,-0.02379,-0.01607,-0.04487
1878,0.20133,-0.2158,0.09899,-0.11502,0.0575,0.09012,-0.05892,-0.06305,0.16844,0.05989,0.33817,-0.09831,0.0517,0.07658,0.06291,-0.02763,0.00582,-0.0055,-0.04876,0.21959,-0.01788,0.08706,0.2425,0.07872,0.07884,-0.01199,0.07257
1879,0.14182,-0.12009,0.06541,-0.02407,0.01474,-0.04686,-0.0279,0.09664,-0.09331,0.01702,0.30355,-0.03774,-0.11463,0.0039,0.12378,0.03902,-0.00476,0.00447,-0.14226,0.0336,0.07333,-0.02733,0.33692,-0.04231,0.09962,0.15569,0.08436
1880,0.04507,0.09303,0.13114,-0.06566,-0.06174,-0.20454,0.11058,0.15348,-0.04121,-0.03113,-0.03556,-0.02056,0.01083,0.0866,0.08482,0.02683,-0.00792,0.08419,-0.13286,0.03694,-0.01786,0.05312,0.10502,-0.02676,0.18356,0.00219,-0.00594
1881,0.07022,-0.00662,0.11597,-0.07536,0.04311,-0.10489,-0.09248,0.04475,0.19286,0.01693,-0.06106,0.02041,0.00564,-0.01127,-0.0728,-0.01109,0.02217,-0.0118,0.01767,-0.04226,-0.06457,0.10315,0.03012,0.28041,0.19648,-0.03841,0.08658
1882,0.21334,-0.11597,0.00901,-0.07102,0.02238,0.0011,0.08721,0.09615,0.05131,0.06404,-0.07762,0.13855,0.04591,-0.16778,0.05464,0.03906,0.16348,-0.07125,-0.10819,0.03432,-0.08393,0.15279,0.22959,0.1548,0.19864,-0.12157,0.07437
1883,-0.05278,-0.07825,0.17009,-0.1486,-0.20624,0.00654,0.07999,0.12247,0.16131,-0.03045,-0.02389,0.02199,0.04903,-0.25666,0.13745,0.15855,0.04387,-0.03908,-0.08711,0.0847,-0.00766,-0.03248,0.10969,-0.16944,0.04985,-0.02068,-0.02638
1884,-0.20295,-0.35332,-0.22771,-0.25563,-0.44965,-0.51792,-0.141,-0.29349,-0.15179,-0.3902,-0.26006,-0.31954,-0.29137,-0.40506,-0.30157,-0.20993,-0.2994,-0.26164,-0.33206,-0.21619,-0.3039,-0.11305,-0.12256,-0.4608,-0.25624,-0.3739,-0.31008
1885,-0.24913,-0.25814,-0.14139,-0.11699,-0.18003,-0.51287,-0.18879,-0.07325,-0.082,-0.32828,-0.26213,-0.21837,-0.30577,-0.32878,-0.45169,-0.25723,-0.35389,-0.25832,-0.32232,-0.25882,-0.25354,-0.22379,-0.02076,-0.49468,-0.08928,-0.32264,-0.10964
1886,-0.30831,-0.0965,-0.246,-0.19044,-0.12888,-0.31204,0.04331,-0.01836,-0.13113,-0.32047,-0.14719,-0.07274,-0.14968,-0.19076,-0.23561,-0.15396,-0.23774,-0.15629,-0.27928,-0.18253,-0.12564,-0.06948,0.03065,-0.22195,-0.15474,-0.22827,-0.03191
1887,-0.16148,-0.14221,-0.0998,-0.03271,-0.27861,-0.17335,0.11387,-0.13664,-0.12337,-0.1656,-0.06504,-0.0343,-0.25953,-0.24811,-0.14988,-0.11583,-0.04425,-0.12823,-0.21962,-0.08782,-0.14653,-0.10705,-0.00716,-0.13497,-0.05348,-0.16631,0.07895
1888,0.04442,-0.05825,0.11987,0.15306,-0.27415,-0.05646,0.25507,-0.05558,-0.10508,-0.14951,-0.17833,0.01025,-0.12834,-0.24588,-0.13615,0.09214,0.01946,-0.06357,-0.14919,0.07382,-0.02177,-0.07045,-0.1335,-0.00677,0.11063,0.06177,0.07957
1889,-0.2207,0.09504,0.10509,0.09981,-0.21581,-0.11691,0.11354,-0.12305,-0.3387,-0.11086,-0.21941,-0.02455,0.0247,-0.25563,-0.21195,-0.0506,-0.18137,-0.07708,-0.0783,0.026,0.16931,-0.07172,-0.14073,0.00964,0.18472,0.12663,0.02411
1890,-0.13052,0.04074,0.0273,0.16298,-0.27522,-0.29648,0.05177,-0.17916,-0.11738,-0.05652,-0.01472,0.06,-0.09,-0.03613,-0.2423,-0.13015,-0.29293,-0.03083,-0.12195,-0.01321,0.14299,-0.06641,-0.06397,-0.17083,0.06904,0.03656,-0.04795
1891,-0.06488,-0.04777,-0.15739,0.00829,-0.25025,-0.20764,0.0259,-0.13734,-0.12911,-0.09067,-0.3614,-0.01822,-0.07972,-0.17786,-0.25791,-0.04234,-0.2676,0.01028,-0.05582,0.19236,-0.09412,0.08785,-0.05701,-0.20173,-0.04651,0.05507,-0.01909
1892,-0.19658,-0.00508,0.04152,0.16448,-0.10069,-0.15521,0.09209,-0.09017,-0.28543,-0.24665,-0.16159,-0.10058,0.05443,0.03441,-0.10676,-0.03758,-0.0223,-0.13455,-0.14411,0.17998,-0.14616,0.07621,-0.0658,-0.07107,0.04373,0.05318,-0.17969
1893,-0.13447,-0.05494,-0.04385,0.12356,0.07327,-0.34527,0.12414,0.05297,-0.04551,-0.07684,-0.15023,0.00356,0.0647,-0.16142,-0.29186,0.03366,0.01414,-0.06969,-0.03381,-0.11215,0.04695,0.05599,0.02598,-0.19089,0.12375,0.10888,-0.03119
1894,-0.11779,0.02915,0.04069,0.25739,0.19364,-0.34156,0.06252,0.09835,0.0828,-0.00347,-0.03143,-0.00214,-0.02599,-0.00251,-0.06675,0.06171,-0.23802,0.03728,-0.07968,-0.05112,-0.05629,0.11103,0.02281,-0.0615,-0.09557,0.12459,0.04662
1895,-0.01045,-0.01617,0.17998,0.05466,-0.11251,-0.28178,0.14246,-0.0607,-0.11414,0.01745,0.00308,0.02151,-0.00125,0.12143,-0.09013,-0.00793,-0.2356,-0.09453,-0.07144,0.01886,-0.00163,0.24156,-0.03966,-0.12441,-0.09457,0.16287,0.1664
1896,-0.1269,0.06034,0.09625,0.01322,-0.24858,-0.08808,-0.00745,-0.08279,-0.21985,0.06365,-0.07376,0.03465,0.00391,-0.08348,0.04965,0.01431,-0.16077,0.03387,0.04703,0.09295,0.06423,0.24081,0.02065,-0.04401,-0.01741,0.23751,0.11182
1897,-0.20946,0.12661,0.15117,-0.00811,-0.10847,0.0921,-0.00408,0.01272,-0.14592,0.11901,-0.03079,0.19629,0.0181,-0.0166,0.08779,0.06521,0.06824,0.07234,0.03547,-0.037,0.16628,0.13245,0.17246,0.00693,0.05004,0.20339,0.158
1898,-0.05751,0.05231,0.05772,0.20272,-0.08362,0.02213,0.08649,-0.00173,-0.09287,0.17474,-0.11867,0.1113,0.07641,-0.01551,-0.00966,0.07803,0.15475,-0.00405,0.1581,-0.00164,-0.01015,0.13654,0.34584,0.0457,-0.01195,0.14871,0.16483
1899,-0.15997,0.08045,0.12081,0.19596,0.06592,-0.07709,0.1578,-0.13795,-0.08473,0.1113,-0.16329,0.11131,0.10188,0.12889,0.07167,0.08072,0.01692,-0.00259,0.04552,-0.07962,-0.07417,0.06322,0.23284,0.14356,0.01001,0.30422,0.09346
1900,-0.0794,0.10183,0.1478,0.17889,0.12946,-0.16353,0.11363,-0.03306,-0.17561,0.11555,-0.27901,0.06637,0.12184,0.1756,0.15131,0.16957,-0.05395,-0.02405,-0.00604,0.00109,-0.06946,-0.07495,0.17033,0.09023,0.05045,0.35585,0.04597
1901,-0.0653,0.18229,0.09999,0.08795,0.23566,-0.03515,0.11927,0.04819,0.06075,0.0613,-0.18008,0.09979,0.14612,0.02951,0.20378,0.1796,0.11041,0.01092,0.03797,-0.15518,0.06101,0.17735,0.05067,0.03146,-0.02139,0.13389,-0.033
1902,-0.20918,0.17813,0.10503,0.19346,0.12834,0.05982,0.14907,-0.18101,-0.14481,0.08938,-0.35736,0.14666,0.17912,0.01325,-0.06335,0.0461,0.26399,-0.12288,-0.02534,-0.02847,0.05507,0.12267,-0.13661,-0.05461,0.02597,0.08636,-0.14111
1903,-0.31025,-0.04168,-0.04148,-0.03301,-0.20524,-0.20455,0.04065,-0.26949,-0.11111,-0.10933,-0.43657,-0.12752,0.01373,0.00912,-0.16725,-0.33467,-0.20682,-0.2883,-0.2739,-0.0356,-0.22821,-0.11356,0.00389,-0.05346,-0.03018,-0.03254,-0.18296
1904,-0.13189,-0.01309,-0.10719,-0.09593,-0.17105,-0.18718,-0.01844,-0.35023,-0.11551,-0.10361,-0.45018,-0.04288,-0.09689,-0.03251,-0.09881,-0.30895,-0.13298,-0.10185,-0.15687,-0.13901,-0.02788,0.10432,0.12837,-0.04791,-0.17484,0.25131,-0.08422
1905,-0.26193,-0.10307,-0.15001,0.08686,-0.19112,-0.08863,0.03518,-0.35175,-0.33852,-0.06964,-0.33429,-0.02032,0.11973,-0.08782,0.12309,-0.18498,-0.07899,-0.14017,0.02649,-0.07807,0.12415,0.19083,0.11761,-0.17708,-0.11673,0.23064,0.00016
1906,-0.16192,-0.05923,-0.0497,0.06925,-0.10704,0.07118,0.14212,-0.32037,-0.11355,0.01464,-0.51026,0.01853,0.17904,-0.09235,0.22285,-0.11476,-0.03925,-0.11033,-0.08591,-0.09949,0.01296,0.05595,0.19266,-0.15142,-0.19106,0.16061,-0.11757
1907,-0.2556,0.05692,0.02031,0.08367,-0.03897,0.11114,-0.00365,-0.14961,0.04038,-0.12478,-0.35456,0.02768,0.19364,-0.10319,0.12364,-0.09538,0.08377,-0.00508,-0.05522,0.06167,-0.02843,-0.09261,0.0016,-0.26585,-0.01168,0.17583,0.04463
1908,-0.30641,0.0153,0.05913,0.20017,-0.07333,0.02418,-0.06735,-0.2038,-0.0494,-0.07606,-0.18621,0.13136,0.15897,0.10617,0.24594,0.06327,0.05492,-0.15908,0.02876,0.02858,-0.08037,0.12864,-0.15651,-0.17999,-0.05727,0.19323,0.12914
1909,-0.33378,-0.01698,0.09497,0.18469,0.20719,0.02804,-0.04553,-0.25431,0.01217,-0.15752,-0.33615,0.06037,0.08951,0.1112,0.42003,0.17352,-0.07013,-0.33183,0.09631,-0.02053,-0.14205,0.18577,0.01147,-0.13834,-0.12742,0.34552,0.13895
1910,-0.1497,0.1672,0.21132,0.22475,0.27617,-0.0088,0.01682,-0.19743,-0.21428,0.03614,-0.26376,0.13575,0.18581,0.10489,0.16483,0.06973,-0.01444,-0.30818,0.08464,-0.04821,0.00939,0.20615,0.01746,-0.12525,-0.04884,0.36149,0.07809
1911,-0.07951,0.18503,0.2052,0.09468,0.06168,0.07871,0.03597,-0.25295,0.00607,0.00426,-0.10956,0.12,0.24104,0.14961,0.07832,-0.04823,0.23369,-0.15976,-0.00749,0.00107,0.07345,0.06664,0.09355,0.12933,0.0206,0.36208,0.01689
1912,-0.29298,-0.18763,0.13473,0.02492,-0.0581,0.25732,0.0958,-0.27405,-0.06001,-0.23922,-0.46442,0.0213,0.15214,0.07543,0.15149,-0.09528,0.27148,-0.21918,-0.11706,-0.08897,0.00657,0.01799,0.02704,0.02909,-0.07564,0.0005,-0.10158
1913,-0.28066,-0.11477,-0.12623,0.01638,-0.16031,0.14066,-0.00399,-0.18138,-0.22476,-0.28199,-0.38568,-0.04464,0.06487,-0.07992,0.07993,-0.12558,-0.16817,-0.10574,-0.19864,-0.00581,0.09323,0.01341,0.02894,0.05533,-0.05429,-0.08559,-0.022
1914,-0.11733,-0.11215,-0.20468,-0.03439,-0.05121,-0.06437,0.14362,-0.10733,-0.1699,-0.41707,-0.21116,-0.08744,0.10697,-0.05694,0.08535,-0.04473,-0.13239,-0.0084,-0.21482,0.10553,0.17572,0.01709,0.0178,0.12929,0.0529,0.20144,-0.11555
1915,-0.10249,-0.02207,-0.05925,0.06244,-0.0135,-0.11658,0.17333,-0.20818,-0.15217,-0.22824,-0.19408,0.06751,0.21439,0.10222,0.18405,-0.08092,0.13895,-0.03591,-0.16749,0.12111,0.10296,0.05797,0.00277,0.01024,-0.03715,0.26532,-0.01851
1916,0.06938,0.06243,0.0474,0.15519,0.19832,0.03261,0.19299,-0.26399,-0.30584,-0.01663,-0.10697,0.05218,0.10731,0.25622,0.20779,0.12268,0.34246,-0.0937,0.02068,0.00129,-0.03244,-0.0688,0.10738,-0.09177,0.0433,0.24173,0.0748
1917,0.05602,0.01201,0.16296,0.1854,0.17115,0.13251,0.20603,-0.06769,-0.23786,-0.29462,-0.16827,0.06272,0.26177,0.10028,0.14127,0.24939,0.26027,-0.07435,-0.01544,-0.09742,-0.14224,-0.0414,0.15983,-0.00701,0.04516,0.18488,0.20562
1918,-0.1139,0.08888,0.1521,0.23429,0.13713,0.05875,0.16913,-0.30131,-0.25861,-0.06751,-0.03086,0.08428,0.29804,0.07273,0.11545,0.31945,-0.10981,0.01613,0.15271,0.00802,-0.16171,0.0012,0.16308,-0.01111,0.01462,0.25958,0.20826
1919,-0.06265,0.15651,0.13772,0.29256,0.15021,0.07462,0.18413,-0.0864,-0.02093,-0.09194,-0.05813,0.10185,0.36659,-0.03296,0.18843,-0.1011,-0.07423,0.14109,-0.0312,0.13641,-0.05376,-0.05676,0.0805,0.12485,0.01733,0.37126,0.2244
1920,-0.08183,0.17634,0.06939,0.34356,0.16053,0.10384,0.20411,0.01586,-0.09574,-0.14851,-0.03219,0.09221,0.36473,0.11947,0.37227,-0.08975,0.10644,0.06409,-0.03669,0.02762,0.14131,-0.04244,0.14741,0.13847,0.09705,0.38635,0.16903
1921,-0.10352,0.25703,0.09782,0.06754,0.37081,0.25042,0.11547,0.0048,0.0127,-0.15762,0.13846,0.15588,0.35485,0.26005,0.14275,0.0542,0.26977,0.03707,-0.02021,-0.11281,0.18351,0.0919,0.31484,0.06426,0.04536,0.18403,0.24795
1922,0.0839,0.07687,0.02291,0.12749,0.36472,0.07298,0.10862,-0.11862,-0.07608,-0.24882,0.02288,0.27034,0.3182,-0.09276,0.13272,0.1431,0.15468,0.01831,-0.09681,-0.10645,0.16971,0.18134,0.22534,-0.13546,0.09932,0.24079,0.16082
1923,0.1254,0.19315,0.10051,0.08342,0.13596,-0.11342,0.19503,-0.12615,-0.03295,-0.07041,0.05805,0.27,0.29075,-0.16236,0.31591,0.12323,-0.09175,0.11836,-0.1127,-0.0805,0.19453,0.2206,0.27201,-0.26036,0.25419,0.32702,0.09179
1924,0.16446,0.42473,0.30132,0.28211,0.00868,-0.09685,0.31721,-0.08148,-0.14504,-0.02583,0.15321,0.21785,0.25519,0.11643,0.31829,0.22934,-0.09287,0.14422,0.04232,0.08675,0.17408,-0.00492,0.34369,-0.26059,0.12542,0.23369,0.11982
1925,-0.03901,0.35161,0.34722,0.25965,0.07186,0.0202,0.42998,-0.05322,-0.14208,0.0212,0.21386,0.20278,0.27756,0.03543,0.29026,0.19801,-0.04566,0.04428,0.11939,0.07678,0.03568,-0.08302,0.12893,-0.29595,0.13599,0.18577,0.14458
1926,-0.0835,0.10723,0.15541,0.0164,0.10897,0.16636,0.342,-0.08781,-0.12906,-0.07298,0.10115,0.16437,0.31378,0.14572,0.31404,0.12082,0.04479,0.11066,-0.10703,0.05163,0.18661,0.00104,0.17308,-0.14837,0.14579,0.142,0.20521
1927,0.06015,0.10428,0.1062,0.17768,0.21577,0.39056,0.35794,-0.14726,-0.02538,0.09357,0.07186,0.23607,0.30148,0.04015,0.3666,0.079,0.20022,0.04872,-0.07423,-0.10172,0.26304,0.13939,0.33626,-0.06052,0.23332,0.29504,0.15787
1928,0.11544,0.12359,0.11988,0.4304,0.27539,0.39503,0.41846,-0.23047,0.08873,0.04288,0.23277,0.22953,0.36987,0.10878,0.13571,0.06516,0.24737,0.13629,0.16285,-0.01618,0.38559,0.1138,0.27836,-0.0739,0.25183,0.39771,0.24271
1929,-0.04835,0.19194,0.1795,0.28192,0.30219,0.31676,0.51873,-0.1694,-0.02252,0.13255,0.22412,0.28457,0.43296,0.23466,0.12632,0.04483,0.16271,0.05805,0.11955,-0.03247,0.33298,0.1656,0.12493,-0.0563,0.0807,0.31219,0.15998
1930,0.01309,0.2348,0.19757,0.27566,0.23216,0.23643,0.35283,-0.18261,-0.00843,0.03395,0.17136,0.36138,0.40334,0.08578,0.27961,0.00073,0.00533,-0.09001,0.24713,0.06371,0.16658,0.10373,0.1891,0.17545,0.12469,0.2506,0.02179
1931,0.0785,0.26446,0.13669,0.42218,0.08445,0.42697,0.49872,-0.15701,0.04657,-0.04738,0.10321,0.26932,0.28043,-0.04748,0.17543,0.05369,0.09917,-0.15738,0.20414,-0.11802,0.17257,-0.05411,0.30533,0.23795,0.12651,0.33296,0.06593
1932,-0.05488,0.19352,0.08404,0.46674,0.11237,0.56645,0.477,-0.17065,0.00947,0.10984,0.20083,0.23025,0.28545,0.14989,0.29935,0.13863,0.21506,-0.08113,0.14633,-0.07224,0.09782,0.07916,0.30974,-0.1175,0.27559,0.40768,0.18019
1933,0.03022,0.16103,0.15239,0.23068,0.07908,0.27145,0.47055,-0.10576,-0.10159,0.16798,0.31324,0.20409,0.21333,0.25239,0.22463,0.00383,0.18204,-0.09552,0.03967,-0.05219,0.15462,0.10782,0.16048,0.03365,0.19796,0.35709,0.20435
1934,0.25084,0.27448,0.16451,0.27655,0.11471,0.13109,0.3986,0.04886,-0.16927,0.37592,0.39398,0.27495,0.25399,0.26362,0.13069,0.12053,0.20074,-0.00986,-0.01771,-0.10562,0.22278,0.08969,0.05852,0.15542,0.21225,0.24158,0.2871
1935,0.07665,0.31511,0.13436,0.23485,0.20948,0.29337,0.38974,-0.12705,-0.11549,0.25746,0.2769,0.2559,0.33105,0.15207,0.01926,0.1538,0.27822,0.12442,-0.04571,-0.06828,0.27173,0.19966,0.40158,0.00832,0.22821,0.23095,0.27417
1936,0.13599,0.2414,0.09522,0.1223,0.26291,0.40234,0.47551,-0.34784,-0.1476,0.28551,0.29134,0.25725,0.26394,0.23284,0.24245,0.18921,0.07585,-0.09248,0.04212,0.07955,0.20507,0.31438,0.52377,-0.13948,0.20944,0.16185,0.12707
1937,0.19024,0.1802,0.19834,0.28591,0.20883,0.25228,0.41794,-0.20821,-0.1132,0.093,0.32088,0.31513,0.25503,0.40587,0.15545,0.35577,0.0014,-0.03676,0.11863,-0.21023,0.18917,0.24268,0.28243,-0.06576,0.42701,0.12835,0.19793
1938,0.06545,0.32228,0.25787,0.41914,0.02079,0.19705,0.3386,-0.04196,0.07341,0.14993,0.31069,0.21204,0.22985,0.3473,0.1358,0.29543,0.21539,0.07487,0.08701,-0.22893,0.24886,0.32207,0.3634,0.09405,0.21719,0.22514,0.0843
1939,0.02062,0.21418,0.2339,0.42247,0.05612,0.36005,0.47505,0.00439,-0.23676,0.20949,0.49624,0.24443,0.2439,0.1992,0.26349,0.04243,0.29153,0.08894,0.13594,-0.04897,0.15104,0.25579,0.30945,0.17388,0.20236,0.287,0.03393
1940,0.15743,0.2479,0.36134,0.31602,-0.01698,0.41782,0.42459,-0.01428,0.02284,0.19127,0.61095,0.2729,0.30266,0.13574,0.50868,0.03838,0.43441,0.12609,0.11822,-0.15168,0.33403,0.18096,0.17615,0.26093,0.34888,0.31222,0.19359
1941,0.01963,0.20457,0.37561,0.30685,0.18615,0.38462,0.36285,-0.02555,0.00773,0.33271,0.60649,0.39553,0.31936,0.27634,0.28428,0.10506,0.29637,0.25036,0.01486,-0.07526,0.3362,0.21834,0.27629,0.186,0.42292,0.10388,0.24695
1942,0.03396,-0.003,0.14551,0.03961,0.08334,0.12819,0.3878,0.16427,0.01351,0.23983,0.65707,0.36729,0.37263,0.53008,0.29316,0.20951,0.0978,0.05794,-0.02496,0.0891,0.46181,0.1156,0.36999,0.16964,0.39469,0.11379,0.23063
1943,0.192,0.28947,0.22929,0.23364,-0.05804,0.1457,0.3644,0.06341,-0.14296,0.17852,0.66046,0.37543,0.17398,0.47894,0.35783,0.38327,-0.03321,-0.10265,0.09303,-0.10755,0.50859,0.13279,0.28016,0.04515,0.47244,0.23428,0.21629
1944,0.06989,0.43792,0.28253,0.22274,0.09363,0.18304,0.35268,-0.09643,0.00334,0.27073,0.65008,0.34728,0.187,0.33937,0.21512,0.50374,0.32687,-0.02021,0.18232,0.02855,0.2667,0.2706,0.3612,-0.00425,0.35888,0.16278,0.19377
1945,-0.0546,0.39907,0.22331,0.27933,0.23948,0.09718,0.36373,0.14988,-0.08949,0.32582,0.6982,0.28647,0.2701,0.34485,0.34738,0.36553,0.40745,-0.08543,0.1055,-0.11966,0.31592,0.19538,0.09811,0.07361,0.3387,-0.05412,0.15422
1946,-0.01467,0.25909,0.29659,0.20388,0.1252,0.27564,0.34974,0.16899,-0.02412,0.22697,0.74771,0.23175,0.35964,0.27342,0.31628,0.05935,0.154,0.04081,0.2338,-0.04874,0.473,0.34753,0.05888,0.01018,0.3043,0.03281,0.23198
1947,0.15222,0.21794,0.24813,0.02945,0.23545,0.36398,0.42065,-0.11899,0.01079,0.11059,0.61842,0.36834,0.34693,0.36874,0.33484,0.07959,0.02215,0.09209,0.30539,0.05593,0.41866,0.33883,-0.02448,-0.0019,0.31249,0.23072,0.43917
1948,0.05028,0.4021,0.38496,0.40796,0.51153,0.27741,0.49353,-0.03517,-0.05392,0.11064,0.57604,0.38518,0.33474,0.46511,0.4247,0.19334,0.09784,-0.00028,0.10181,0.01791,0.20564,0.4183,0.06968,0.21353,0.32286,0.14029,0.43
1949,0.02214,0.16919,0.50478,0.41419,0.28072,0.33662,0.48144,0.1767,-0.08507,0.20299,0.65216,0.40396,0.33379,0.39549,0.33236,0.19013,0.24618,0.13398,0.22472,-0.18304,0.21159,0.3989,0.40689,0.19168,0.38957,0.08961,0.43707
1950,-0.09746,0.22117,0.4446,0.18585,0.1967,0.16553,0.50484,0.20817,-0.05063,0.02241,0.65938,0.38251,0.40109,0.26035,0.30828,0.18954,0.37095,-0.04804,0.00896,-0.22336,0.27999,0.38494,0.30313,0.25394,0.52018,0.18164,0.52232
1951,0.05864,0.26286,0.34785,0.34418,0.36796,0.13874,0.49851,0.11904,-0.13344,0.12888,0.68156,0.32497,0.33857,0.41533,0.26757,0.14941,0.05624,-0.03359,0.02903,-0.21039,0.46655,0.309,0.43034,0.33909,0.36292,0.08626,0.60807
1952,0.14175,0.24287,0.33363,0.2022,0.42456,0.26861,0.43654,0.10572,-0.18089,0.18321,0.75525,0.3351,0.24925,0.56123,0.09835,0.12367,0.05564,0.08845,0.15478,-0.12726,0.52505,0.17813,0.53012,0.16309,0.40218,0.10726,0.53084
1953,0.032,0.36699,0.14531,0.4302,0.37924,0.30956,0.46079,-0.03321,-0.03529,0.17416,0.81198,0.30589,0.15326,0.44333,0.27443,0.03114,0.26627,0.25836,0.09308,-0.08881,0.36138,0.0824,0.35941,0.13588,0.43714,0.22308,0.66816
1954,-0.01617,0.50508,0.14505,0.53333,0.12782,0.24238,0.48182,-0.0001,-0.03408,0.10194,0.68217,0.3626,0.30409,0.32638,0.32978,0.07211,0.10361,0.09872,0.01458,0.19313,0.29263,0.19659,0.29422,0.22284,0.60198,0.22147,0.53227
1955,0.09364,0.34775,0.19478,0.51871,0.34674,0.30102,0.55818,0.02428,0.07153,0.14285,0.81843,0.40453,0.44096,0.45383,0.35273,0.24148,0.1063,-0.03316,0.15348,0.0107,0.18457,0.34894,0.38356,0.04916,0.49558,0.15846,0.33913
1956,-0.00317,0.30965,0.17489,0.33415,0.51807,0.21735,0.43167,-0.04498,-0.16134,0.03918,0.74837,0.37361,0.45026,0.49435,0.19661,0.35723,0.35693,0.13864,0.31793,0.08338,0.15558,0.16573,0.34348,-0.05687,0.51695,0.09965,0.3531
1957,-0.11337,0.29732,0.18195,0.50235,0.3563,0.34433,0.47534,0.06392,0.0554,0.15262,0.75078,0.37713,0.41194,0.59819,0.29531,0.36502,0.28482,0.15918,0.3753,0.02955,0.18678,0.24811,0.19508,-0.13005,0.50832,0.14355,0.37408
1958,-0.10896,0.23114,0.22542,0.56891,0.16294,0.35525,0.54633,0.13835,0.10662,0.12208,0.71521,0.33622,0.43829,0.62495,0.32405,0.23955,0.09655,0.0755,0.39046,0.13144,0.17301,0.33404,0.06659,-0.04808,0.41436,0.268,0.4173
1959,-0.02087,0.31845,0.35311,0.3769,0.22237,0.20597,0.63833,-0.02834,-0.02451,0.21219,0.68269,0.44803,0.4288,0.3831,0.26613,0.10704,0.13661,0.08882,0.17791,-0.01628,0.26032,0.26625,-0.10393,0.16157,0.48979,0.32591,0.51135
1960,-0.00897,0.29462,0.41153,0.39091,0.11558,0.17898,0.64024,0.08838,0.0624,0.27597,0.7651,0.4698,0.26759,0.47636,0.4484,0.08456,0.35251,0.14041,0.01412,0.00309,0.44678,0.26608,-0.00365,0.23219,0.55284,0.21306,0.52793
1961,0.00402,0.45369,0.53169,0.49418,0.16502,0.3458,0.56829,0.15053,0.13951,0.23151,0.75482,0.48055,0.34695,0.48427,0.41612,0.09812,0.46889,0.11704,0.10979,-0.09198,0.51728,0.13213,0.17932,0.36085,0.47557,0.14072,0.34868
1962,-0.00607,0.50687,0.26224,0.39049,0.29849,0.44748,0.52036,0.11942,0.09327,0.15551,0.65677,0.40732,0.36918,0.70984,0.10342,0.37854,0.05374,0.0042,0.15567,0.05979,0.26234,0.17786,0.24801,0.3554,0.51857,0.16279,0.26013
1963,-0.14322,0.42328,0.06022,0.21096,0.37185,0.30277,0.52139,-0.01038,-0.08426,-0.04902,0.60743,0.19016,0.37419,0.51615,0.38736,0.43293,-0.14466,-0.20856,-0.0587,-0.17933,0.08351,0.09884,0.31221,0.06924,0.44408,0.02669,0.11492
1964,-0.24336,0.32594,0.02293,0.0339,0.3794,0.08678,0.5559,0.15905,-0.04442,-0.12692,0.35665,0.18952,0.24577,0.40232,0.11931,-0.04279,-0.1866,-0.23529,-0.06034,-0.4577,0.02981,0.11487,0.31172,-0.13833,0.36931,-0.27054,0.28682
1965,-0.22916,0.3281,0.28263,0.264,0.49132,0.0833,0.52155,0.10088,-0.13487,-0.13211,0.35184,0.24793,0.27518,0.4461,-0.14815,-0.16158,0.01475,-0.27737,-0.02134,-0.27031,0.13831,0.06088,0.06658,-0.25089,0.29793,-0.17043,0.30016
1966,-0.24723,0.29305,0.3477,0.23637,0.31436,0.26331,0.61177,0.02627,0.11985,-0.14497,0.50624,0.23908,0.30375,0.45556,0.19873,-0.08751,0.23846,-0.2172,-0.08625,-0.17008,0.24367,0.1,0.08412,-0.32501,0.21157,0.05919,0.24491
1967,-0.11073,0.18551,0.19348,0.38121,0.08673,0.48814,0.62453,-0.07118,0.29045,-0.05867,0.4522,0.37915,0.25018,0.47269,0.39333,0.11914,-0.01855,-0.15331,-0.03721,-0.33672,0.31917,0.12852,0.15447,-0.477,0.21044,0.13196,0.11225
1968,-0.01464,0.445,0.26115,0.47792,0.32029,0.52614,0.59719,0.15791,0.00292,0.11486,0.40865,0.36229,0.22538,0.47782,0.25432,0.33769,-0.07886,-0.01478,0.08194,-0.48195,0.3519,0.09194,0.21166,-0.30103,0.3684,0.12149,0.13305
1969,-0.13421,0.58398,0.23163,0.43171,0.39622,0.20661,0.63061,0.31151,0.21687,0.11788,0.48193,0.3279,0.19652,0.55471,0.24448,-0.02391,0.11423,0.05685,0.06422,-0.41914,0.26368,0.03023,0.1378,-0.33638,0.38083,0.09825,0.16922
1970,-0.0553,0.50871,0.13879,0.52742,0.48141,0.05676,0.59202,0.16109,0.01851,0.05226,0.51009,0.32459,0.21772,0.35953,0.31189,0.0018,0.27434,-0.09581,0.03418,-0.2701,0.16719,0.11462,0.12475,-0.28075,0.42989,0.03779,0.27974
1971,-0.08078,0.24221,0.11574,0.5669,0.62029,0.11404,0.57933,0.28855,0.17447,0.02178,0.57119,0.38329,0.20106,0.39516,0.4244,0.08812,0.03041,-0.025,-0.03961,-0.36186,0.17493,0.16763,0.08095,-0.27977,0.49086,0.05899,0.20405
1972,-0.19306,0.31384,0.13765,0.44213,0.46411,0.46186,0.64311,0.20068,0.05546,0.1154,0.69107,0.19737,0.22519,0.53336,0.47985,0.01293,0.0135,0.07813,0.09347,-0.35,0.20894,0.08971,0.30529,-0.0497,0.38049,0.25195,0.07869
1973,-0.17842,0.2589,0.36997,0.38358,0.31896,0.6978,0.57769,0.10835,0.18106,0.25284,0.54026,0.18579,0.30036,0.68515,0.48582,0.12233,0.16321,0.09098,0.16919,-0.35128,0.35965,0.08767,0.43943,-0.01312,0.31448,0.29186,-0.00359
1974,-0.11679,0.39613,0.49819,0.43489,0.1998,0.6165,0.69204,0.25713,0.10909,0.06237,0.62359,0.23702,0.24654,0.43369,0.47132,0.18884,0.20556,-0.01086,0.22708,-0.37433,0.36582,0.29074,0.24228,0.11459,0.37687,0.15165,0.32212
1975,-0.07048,0.24157,0.45413,0.31165,0.23155,0.46001,0.68749,0.30321,-0.02611,0.04534,0.82489,0.37838,0.30858,0.40721,0.5643,0.29896,0.3409,-0.05904,0.00651,-0.22711,0.1573,0.23616,0.12903,0.14904,0.2632,-0.00808,0.22367
1976,-0.21702,0.41909,0.39509,0.50201,0.41413,0.51693,0.61525,0.12797,0.01984,0.13819,0.72433,0.34801,0.32401,0.56628,0.56013,0.10803,0.23408,-0.17952,0.10109,-0.20466,0.07047,-0.01253,0.29012,0.06022,0.34011,0.14536,0.11749
1977,-0.37009,0.52055,0.57291,0.28218,0.55129,0.51832,0.66222,0.22481,0.04092,0.15376,0.53074,0.3359,0.42579,0.55619,0.53768,0.13386,0.00682,-0.00731,0.20432,-0.2562,0.21398,0.07253,0.40022,0.16355,0.47577,0.26901,0.18831
1978,-0.29704,0.27831,0.63157,0.36728,0.52997,0.53867,0.66641,0.23703,0.12393,0.14576,0.65459,0.33832,0.44986,0.51395,0.57267,0.39999,0.09166,-0.0768,0.31812,-0.14572,0.25011,0.2274,0.47605,0.26273,0.37059,0.18543,0.14025
1979,-0.05838,0.52122,0.35942,0.51007,0.6778,0.70065,0.58176,0.23048,0.18602,0.28565,0.73017,0.4736,0.47886,0.58747,0.66132,0.29809,0.1789,-0.01857,0.2812,-0.22731,0.38745,0.1886,0.3032,0.34037,0.49764,0.13173,0.21131
1980,0.03657,0.45083,0.45425,0.44255,0.72602,0.64085,0.66961,0.59158,0.18935,0.14196,0.75913,0.44636,0.47778,0.74129,0.52325,0.09986,0.36033,0.00131,0.39694,-0.27023,0.57017,0.18409,0.26071,0.14083,0.62707,0.08434,0.12273
1981,-0.09727,0.52965,0.51835,0.48742,0.74236,0.5433,0.68816,0.51697,0.19995,0.21231,0.83363,0.42562,0.39239,0.63971,0.64824,0.10654,0.45417,-0.12245,0.20705,-0.15519,0.50426,0.28852,0.54291,0.13814,0.75261,0.25371,0.27295
1982,-0.20098,0.4227,0.68676,0.4784,0.65955,0.69337,0.77231,0.39784,0.10962,0.16498,0.88505,0.43333,0.41502,0.36906,0.62953,0.34991,0.11206,-0.02222,0.05179,-0.11556,0.43832,0.39818,0.37295,0.04109,0.52004,0.34229,0.21575
1983,-0.1064,0.43268,0.59937,0.51495,0.68627,0.79908,0.50455,0.28605,-0.00828,0.07887,0.74029,0.04608,0.09756,0.21978,0.51381,0.3111,0.02665,-0.11971,-0.04053,-0.10664,0.32779,0.20062,0.16716,-0.13105,0.48119,0.08658,-0.16334
1984,-0.05887,0.44865,0.53754,0.66801,0.65999,0.69403,0.54273,0.23688,0.17924,0.20482,0.6382,0.32358,0.15221,0.37963,0.43271,0.50493,0.18362,0.06517,0.15892,-0.11172,0.57948,0.10129,0.29709,-0.13801,0.60212,-0.00174,0.12678
1985,-0.19,0.50175,0.55599,0.51762,0.59086,0.62039,0.66676,0.46395,0.27384,0.30315,0.56739,0.43747,0.27217,0.28395,0.61831,0.32223,0.48875,-0.01497,0.12631,-0.19256,0.64143,0.50664,0.28419,0.05102,0.56315,0.08206,0.10085
1986,-0.18986,0.54463,0.57226,0.66019,0.54595,0.64953,0.55363,0.44578,0.3917,0.42908,0.73781,0.46709,0.33905,0.58789,0.62228,0.14802,0.49327,0.04955,0.20393,-0.00675,0.59191,0.35272,0.23597,0.01045,0.6893,0.24692,0.17958
1987,-0.04326,0.64799,0.74836,0.74418,0.75607,0.68431,0.64388,0.65838,0.33331,0.16144,0.93777,0.43985,0.29458,0.83154,0.77712,0.2959,0.19324,0.05783,0.23365,-0.00988,0.4773,0.31719,0.35869,-0.14362,0.74692,0.27285,0.20709
1988,0.08484,0.51841,0.75601,0.72939,0.80026,0.68875,0.69534,0.59416,0.41053,0.16503,1.05687,0.51927,0.41773,1.04131,0.9683,0.33375,0.21158,0.0455,0.22341,-0.02358,0.45134,0.3822,0.60571,-0.0026,0.88022,0.21355,0.39555
1989,0.13766,0.75216,0.66917,0.72818,0.77854,0.80257,0.73109,0.5014,0.43255,0.33139,1.20941,0.60628,0.53584,1.18593,0.8353,0.29951,0.34079,0.21178,0.35203,0.13558,0.59779,0.26976,0.57651,0.24503,0.77504,0.32493,0.48287
1990,0.17081,0.78877,0.78319,0.78494,0.77977,0.85122,0.74223,0.65305,0.47284,0.43169,0.82818,0.77045,0.53065,0.76744,0.93115,0.38796,0.5125,0.32848,0.2183,0.27985,0.74013,0.35143,0.51691,0.78967,0.87146,0.58705,0.60184
1991,0.0662,0.62057,0.81059,0.81402,0.97856,0.72839,0.73558,0.6102,0.41868,0.36879,0.80251,0.69879,0.66792,0.67993,1.03389,0.29211,0.67664,0.34618,0.13561,0.07804,0.69316,0.41106,0.40492,0.49475,0.8081,0.58591,0.4907
1992,-0.18871,0.46012,0.58496,0.54966,0.52128,0.53634,0.64852,0.51392,0.39062,-0.00795,0.81482,0.30391,0.2791,0.58681,0.40307,0.14586,0.02201,0.12411,0.0475,-0.16962,0.46493,0.10113,0.38773,0.09612,0.60951,-0.07522,0.04074
1993,-0.03158,0.46395,0.44933,0.66279,0.417,0.47316,0.65231,0.62868,0.2526,0.1031,0.76213,0.2292,0.17217,0.6312,0.69293,0.33731,-0.06196,0.04166,-0.03328,0.03864,0.59322,0.28721,0.44736,0.19725,0.67063,0.00174,0.12655
1994,0.07165,0.70601,0.68616,0.60166,0.42183,0.41406,0.79579,0.55326,0.23778,0.23725,0.79105,0.45773,0.3862,0.69565,0.58287,0.46358,0.15985,0.06245,0.03995,0.18377,0.57516,0.41031,0.51977,0.46568,0.79457,0.2494,0.33869
1995,0.07192,0.83205,0.78981,0.6367,0.54271,0.45175,0.77838,0.74862,0.36539,0.27795,0.81538,0.56886,0.4841,0.90638,0.77459,0.18122,0.38814,0.17534,0.12439,0.17612,0.45672,0.38171,0.50966,0.43401,0.75978,0.23323,0.32818
1996,0.12584,0.94356,0.88073,0.70725,0.56671,0.62838,0.85057,0.58406,0.38639,0.46327,0.97429,0.66319,0.60505,0.99688,0.86293,0.11208,0.51517,0.2671,0.22215,0.32699,0.75391,0.31239,0.53433,0.49932,0.86443,0.31644,0.50274
1997,0.27968,0.71433,0.97472,0.61842,0.75167,0.86533,0.8665,0.66155,0.54,0.32792,1.16807,0.7544,0.63747,0.92406,0.78089,0.25938,0.62248,0.3307,0.33398,0.407,0.88491,0.46677,0.62458,0.38767,0.92028,0.39615,0.52294
1998,0.25015,0.8603,1.07202,0.65384,0.73437,0.94965,0.84697,0.75044,0.42854,0.3856,1.2991,0.73721,0.69901,0.8238,0.91906,0.29031,0.2476,0.34082,0.32176,0.58253,0.85567,0.66128,0.61591,0.08056,0.87563,0.45083,0.65827
1999,0.27252,0.82021,1.14141,0.80979,0.80111,0.88097,0.94515,0.727,0.53489,0.49717,1.2872,0.80989,0.72435,0.91475,0.92302,0.6809,0.24585,0.33837,0.38522,0.53523,0.8421,0.56058,0.69902,-0.06587,0.9624,0.49108,0.77859
2000,0.26205,1.04913,1.14474,0.8406,0.79853,0.87314,0.84289,0.85876,0.60824,0.65291,1.31602,0.86135,0.74512,1.00844,0.97116,0.5882,0.42572,0.46308,0.53051,0.61641,0.80636,0.70485,0.9002,-0.03645,1.00133,0.60417,0.70504
2001,0.24264,1.06608,1.20376,1.03577,1.03874,1.23455,0.9373,1.00725,0.62174,0.53973,1.47025,0.84984,0.7656,0.91211,1.05891,0.50828,0.63806,0.69901,0.64045,0.63552,0.83095,0.69263,1.10014,0.27463,1.02337,0.72599,0.62264
2002,0.27789,1.03749,1.19676,0.89841,1.29414,1.1872,0.96666,0.68806,0.51232,0.5312,1.45285,0.70481,0.8654,0.81891,0.90595,0.46853,0.57555,0.73198,0.73642,0.76073,0.86548,0.56863,1.08656,0.42202,1.12784,0.67581,0.77412
2003,0.31749,1.15221,1.22669,0.99907,1.24106,0.99168,1.0334,0.8284,0.71405,0.70772,1.3357,0.85156,0.90327,0.91648,1.14227,0.6559,0.56809,0.69953,0.64184,0.64245,1.00795,0.69277,1.04719,0.61456,1.20865,0.60863,0.81567
2004,0.44574,1.17417,1.17411,0.93447,1.08388,0.93191,0.98983,0.78082,0.81348,0.54979,1.38804,0.95256,0.88411,0.91547,1.18125,0.81738,0.82994,0.79997,0.72256,0.64244,0.95454,0.76438,0.96575,0.84009,1.18465,0.69135,0.78823
2005,0.56717,1.023,1.19838,0.96869,1.1098,0.95318,1.08142,0.68401,0.69628,0.63831,1.34308,0.89395,0.87956,1.20479,1.19842,0.61288,0.84872,0.80709,0.74853,0.69402,0.84004,0.92158,0.88133,0.89722,1.14431,0.6305,0.81496
2006,0.45278,1.10955,1.03423,0.91907,1.22652,1.1778,1.02081,0.85823,0.67406,0.64507,1.48151,0.85676,0.89984,1.22286,1.08916,0.49496,0.46679,0.99088,0.89742,0.62927,0.85468,0.84509,0.85564,0.61624,1.18019,0.54365,0.88257
2007,0.55045,1.27191,1.07942,0.97303,1.38434,1.286,1.19838,1.0095,0.83823,0.48981,1.42884,0.84104,0.87851,0.96591,1.07191,0.57017,0.44059,0.87201,0.73447,0.70761,0.94031,0.80266,1.05095,0.38978,1.23207,0.5969,0.83478
2008,0.5867,1.27018,1.21163,0.71131,1.45505,1.39865,1.16898,0.84938,0.88681,0.65719,1.4895,0.86489,0.85256,1.05216,1.32662,0.87171,0.61571,0.82363,0.80451,0.81662,1.08018,0.9086,1.06222,0.32081,1.21574,0.68091,0.93773
2009,0.63203,1.31302,1.38078,0.83297,1.39545,1.1654,1.18263,0.84795,0.77303,0.58967,1.5075,0.9416,0.87135,1.46595,1.32316,0.89905,0.72101,0.85923,0.75974,0.84165,0.94401,0.79072,0.97647,0.48308,1.23624,0.78214,0.91804
2010,0.84806,1.33163,1.67667,1.00811,1.24533,1.12982,1.2218,0.98166,0.89069,0.76996,1.49236,1.01747,0.8195,1.5169,1.24066,0.58313,0.96348,1.04967,0.65665,0.88587,0.96237,0.69573,1.03299,0.50111,1.2762,0.68719,0.88252
2011,0.91374,1.13211,1.53032,1.06609,1.34112,1.27947,1.16373,0.87472,0.8898,0.89129,1.61167,0.95519,0.78261,1.14176,1.40927,0.57081,0.74109,1.21072,0.8346,0.94743,1.03619,0.73429,1.25037,0.46397,1.39696,0.70636,1.16785
2012,0.79906,1.24512,1.37977,1.08011,1.47062,1.37474,1.25507,1.12864,0.90411,1.02815,1.79956,0.95468,0.82555,1.38587,1.49101,0.68684,0.67384,1.12565,1.13295,0.90068,0.98332,0.86206,1.27147,0.5734,1.35965,0.88003,1.22925
2013,0.7573,1.21487,1.59613,0.95955,1.42043,1.21384,1.23464,1.00847,0.91318,0.74662,1.73663,1.02594,0.85869,1.35727,1.447,1.04043,0.76456,1.11424,0.98919,0.98092,0.89823,0.90407,1.11706,0.79733,1.32502,0.98591,1.28066
2014,0.79505,1.24286,1.66212,1.02489,1.34713,1.13225,1.28731,0.92101,0.79863,0.96452,1.74835,0.9531,0.87357,1.23355,1.49819,0.92124,0.91052,1.23323,0.94247,1.03801,0.96134,0.90663,1.15769,0.95412,1.45991,0.7176,1.09995
2015,1.07552,1.23771,1.62708,1.05623,1.49007,0.93173,1.39542,1.09645,0.91018,1.07659,1.69342,0.90882,0.9945,1.34305,1.46102,0.52383,1.07815,1.26411,0.97783,1.12062,1.03222,1.05319,1.41644,1.04977,1.62155,0.69876,1.34092
2016,1.04617,1.35674,1.67319,1.05854,1.561,1.0764,1.43942,1.17841,1.01225,1.10874,1.91276,1.03697,0.99766,1.67394,1.526,0.52558,0.76588,1.47767,1.10884,1.15319,1.0574,1.15602,1.47564,1.00484,1.60812,0.9157,1.28696
2017,0.89633,1.66073,1.88184,1.22791,1.38071,1.16831,1.48516,0.90643,1.18588,1.06911,1.75708,1.05567,1.0458,1.80602,1.62223,0.68098,0.58363,1.4071,1.21047,1.07178,1.09048,1.17122,1.26304,0.89618,1.54382,1.08593,1.40122
2018,1.02715,1.57866,1.84842,1.09962,1.21592,1.41246,1.40474,0.96203,1.12278,1.31044,1.50045,1.13331,0.95647,1.53649,1.36415,0.7641,0.74204,1.43698,1.14123,1.23372,1.21959,1.21475,1.32447,0.79329,1.70017,0.9416,1.55444
2019,1.10645,1.34974,1.8334,1.1741,1.31271,1.42785,1.45894,1.09321,1.03873,1.46016,1.55827,1.12955,1.0172,1.50415,1.37881,0.93836,1.13738,1.36927,1.0815,1.39409,1.05006,1.29545,1.39197,0.79644,1.85782,0.90055,1.63028
2020,1.04682,1.30213,1.90757,1.3158,1.30662,0.93228,1.57379,1.17329,1.06882,1.32313,1.74516,1.15455,1.12782,1.51611,1.51038,1.10061,1.21822,1.5113,1.22009,1.35065,0.89881,1.17479,1.46814,0.77944,1.76875,0.87308,1.66467
2021,1.04508,1.44743,1.83945,1.2515,1.49541,0.90804,1.62867,1.24818,1.26462,1.53573,1.84107,1.17583,1.17585,1.71341,1.6343,0.9852,1.03378,1.51069,1.34285,1.35825,1.15306,1.28138,1.64113,0.83189,1.8547,1.08356,1.52112
2022,1.07442,1.55787,1.88267,1.37641,1.51449,1.12252,1.57072,1.31991,1.17838,1.26769,1.77462,1.22853,1.24756,1.46646,1.6559,0.772,0.91029,1.42213,1.27741,1.51095,1.3761,1.43138,1.54376,0.84389,1.88054,1.21582,1.55033
2023,1.26324,1.70135,2.13596,1.34666,1.4199,1.22599,1.70284,1.3078,0.9823,1.50409,1.72824,1.35402,1.38365,1.51885,1.64262,0.86897,1.07694,1.57539,1.47703,1.53183,1.35254,1.40027,1.50638,0.87305,1.9269,0.96769,1.59255
2024,1.21573,1.83787,2.00193,1.30609,1.42563,1.27968,1.723,1.48427,1.17141,1.38126,1.87782,1.3454,1.3143,1.57636,1.68633,1.11831,1.1569,1.65883,1.53069,1.44894,1.26715,1.51489,1.72983,1.08574,2.06891,0.95792,1.56674
2025,1.13352,1.77623,1.95991,1.04781,1.50626,1.23034,1.72248,1.53891,1.39351,1.46823,1.78275,1.29358,1.38337,1.62289,1.74291,1.22632,1.08605,1.81057,1.4328,1.52577,1.35771,1.52297,1.86377,1.20078,2.27852,1.14522,1.54395
2026,1.32699,1.65715,2.18672,1.22325,1.67789,1.31229,1.7991,1.62398,1.39114,1.49176,1.72861,1.41492,1.44501,1.64644,1.72456,1.22826,1.43333,1.95132,1.44175,1.63116,1.20934,1.37301,1.76227,0.8963,2.29365,1.14486,1.72106
2027,1.52919,1.82614,2.13267,1.1426,1.58695,1.53597,1.94964,1.5808,1.31002,1.71784,1.66955,1.39867,1.49508,1.75376,1.70382,1.11408,1.38966,1.75239,1.49126,1.83845,1.33901,1.65847,1.81577,0.77975,2.1982,1.02951,1.78388
2028,1.45066,1.88338,2.23544,1.31383,1.71921,1.67488,2.00116,1.44769,1.27404,1.67854,1.763,1.43352,1.48978,1.92837,1.52181,1.19386,1.16993,1.9681,1.64444,1.76683,1.46613,1.70241,1.81964,0.91395,2.31186,1.26286,1.67395
2029,1.42105,1.7849,2.36411,1.46755,1.88312,1.55414,1.94503,1.45794,1.24921,1.52923,1.74614,1.52618,1.44643,2.11298,1.70822,1.49902,1.2185,2.11614,1.88528,1.73762,1.27823,1.53517,1.61195,1.00291,2.28448,1.33128,1.70945
2030,1.48916,2.01326,2.30876,1.3509,1.90869,1.48711,1.99539,1.47964,1.57469,1.62198,1.74551,1.5308,1.41123,2.03018,1.87151,1.44082,1.39271,1.95497,1.59321,1.90453,1.20336,1.62497,1.67352,1.14564,2.3323,1.05587,1.77981
2031,1.50154,1.80851,2.53194,1.32574,1.88208,1.66036,2.187,1.58841,1.61344,1.82478,1.8841,1.50779,1.46228,1.72905,1.83537,1.03086,1.67859,1.98834,1.88609,1.95214,1.39978,1.73118,1.74924,1.41439,2.47455,1.2605,1.7756
2032,1.79601,1.99058,2.55646,1.40549,1.76403,1.82284,2.09046,1.86514,1.48911,1.54876,1.72795,1.624,1.46388,1.70217,1.87136,1.08658,1.44398,2.02429,2.03607,2.04035,1.42724,1.81404,1.81096,1.10206,2.53341,1.34828,1.78823
2033,2.05241,2.1029,2.70338,1.59936,1.77412,1.64369,2.11877,1.77029,1.54485,1.73277,1.78401,1.64691,1.51606,1.67971,1.82376,1.10368,1.28756,2.0112,1.85893,2.17012,1.37392,1.64877,1.89386,1.1846,2.54301,1.30946,1.89082
2034,2.09916,1.85097,2.56361,1.425,1.83499,1.55815,2.192,1.74594,1.46786,1.76485,1.81379,1.64131,1.44656,1.8113,1.91372,1.15622,1.28364,2.22153,1.81328,2.2417,1.39748,1.69545,2.01042,1.36037,2.55378,1.19511,2.00872
2035,1.80488,1.83361,2.59187,1.36495,1.95588,1.79427,2.12705,1.74094,1.60663,1.8301,2.08477,1.64951,1.51906,1.79481,1.89917,1.42172,1.64321,2.42932,1.99183,2.24596,1.34862,1.86139,2.08338,1.45471,2.58225,1.20984,2.04402
2036,1.93179,1.96629,2.74056,1.3286,2.2299,1.94565,2.36791,1.81324,1.7825,1.87792,2.06599,1.66135,1.77648,1.95806,1.91093,1.49252,1.65901,2.44016,2.037,2.30807,1.39195,1.95201,2.23782,1.20992,2.62637,1.47406,2.20419
2037,2.05623,2.13174,2.75325,1.59171,2.35836,1.95252,2.42129,1.78019,1.60293,2.09573,1.80371,1.61909,1.77746,1.95159,2.01703,1.37534,1.47088,2.4276,2.09721,2.33301,1.55484,2.05596,2.30496,1.20332,2.82691,1.48073,2.13758
2038,2.09408,2.1538,2.64326,1.525,2.36188,1.97132,2.46783,1.83124,1.68504,1.97199,1.93119,1.71065,1.84951,2.27496,1.90578,1.2847,1.4364,2.43858,2.25226,2.3697,1.65997,2.10515,2.15697,1.31191,2.74303,1.44436,2.2517
2039,2.17697,1.91598,2.85606,1.4176,2.32987,2.10433,2.5058,1.92243,1.80611,1.88776,2.12048,1.73461,1.74123,2.24053,2.02435,1.40664,1.65529,2.61342,2.44943,2.48306,1.55682,2.03652,2.10788,1.46001,2.83654,1.50392,2.44716
2040,2.35416,2.05528,3.01804,1.63958,2.43343,2.18981,2.45855,2.04396,1.83057,2.05319,2.39799,1.83143,1.77464,2.17255,2.02509,1.69872,1.83726,2.73727,2.47106,2.67952,1.8049,2.16734,2.25902,1.67697,2.86047,1.59814,2.44979
2041,2.47055,2.00366,3.04154,1.72027,2.57084,1.92267,2.36763,1.74906,1.70691,2.16359,2.28098,1.79777,1.81435,2.33687,2.12342,1.52825,1.68954,2.62267,2.61193,2.69198,1.74457,2.24813,2.47197,1.65566,2.91293,1.50696,2.43452
2042,2.40859,2.02195,3.06718,1.69934,2.71688,1.81685,2.52544,1.95961,1.95569,2.13407,2.11833,1.81623,1.84406,2.46932,2.27213,1.46853,1.60587,2.62592,2.55272,2.65345,1.81728,2.27761,2.57725,1.53742,2.95529,1.48076,2.47354
2043,2.37913,2.06141,3.27958,1.73728,2.73587,2.05775,2.50148,2.1722,1.98582,2.32398,2.49338,1.82409,1.96005,2.68165,2.10974,1.56918,1.81524,2.60644,2.62413,2.72975,2.02578,2.25195,2.40751,1.532,3.0286,1.63171,2.49501
2044,2.60653,2.25277,3.394,1.86362,2.33907,2.40549,2.61712,1.95107,1.96094,2.27832,2.38377,1.95279,1.943,2.80436,2.1961,1.69147,2.23476,2.77139,2.61091,2.72041,1.97794,2.27114,2.49926,1.5157,3.00102,1.78272,2.47449
2045,2.63897,2.23615,3.26091,1.98433,2.38478,2.50526,2.64835,2.12091,2.04282,2.40028,2.33837,2.01427,1.97605,2.7038,2.21959,1.93112,1.97038,2.812,2.75065,2.75493,1.79047,2.18738,2.62749,1.68897,3.17449,1.8007,2.5017
2046,2.57234,2.24302,3.37649,2.07714,2.49239,2.38224,2.63053,2.29584,1.94139,2.41764,2.4225,2.05653,1.97744,2.66511,2.25528,1.90165,1.68761,3.03295,2.75816,2.96267,1.93841,2.31443,2.53186,1.98603,3.17359,1.54549,2.77647
2047,2.61485,2.32473,3.64876,2.10318,2.80939,2.35372,2.8704,2.30051,2.1416,2.37765,2.46184,2.02695,1.9819,2.84107,2.46451,1.51341,1.78871,2.96165,2.93947,3.09179,1.91225,2.5293,2.65928,2.06257,3.15367,1.65957,2.69971
2048,2.87736,2.47853,3.45026,2.04502,3.07606,2.44842,3.06852,2.45351,2.10261,2.47408,2.43567,2.12731,2.0545,2.93944,2.43156,1.64243,2.20089,3.02158,2.99784,3.11248,1.88387,2.42979,2.81746,1.99694,3.28993,1.89634,2.7955
2049,2.93422,2.58164,3.53087,2.26637,2.99032,2.70488,2.80936,2.49618,2.25849,2.604,2.56832,2.26898,2.13924,2.85021,2.22766,1.85704,2.38089,3.0132,3.01292,3.09416,2.00564,2.44616,2.85142,1.92461,3.3234,1.97289,2.93953
2050,2.80325,2.4458,3.63595,2.26834,2.73067,2.93246,2.9384,2.4741,2.17461,2.70597,2.73263,2.15347,2.16111,2.9882,2.36519,2.26288,2.04121,3.02879,3.0169,3.19638,2.09044,2.57545,2.70471,1.59694,3.23708,1.78692,2.8488
2051,2.79063,2.59555,3.68817,2.20814,2.69121,2.97346,2.87473,2.48782,2.29754,2.60027,2.78426,2.23764,2.15462,3.02103,2.5562,1.93438,2.0001,3.27473,3.24608,3.45935,2.00069,2.32148,2.74264,1.58786,3.45032,1.92007,2.713
2052,2.84294,2.54237,3.81256,2.00742,2.8613,2.73812,3.02878,2.81229,2.17682,2.71616,2.83963,2.17127,2.22129,3.17689,2.54034,1.78123,2.15984,3.23683,3.25381,3.50185,2.11186,2.48849,2.85908,1.92781,3.46896,2.02027,2.82532
2053,2.95945,2.73598,3.8278,2.16788,2.90524,2.74711,3.09034,2.58081,2.23715,2.97567,2.79356,2.20989,2.34081,3.22037,2.54824,1.88694,2.44837,3.1562,3.19331,3.43576,2.17462,2.50107,3.00978,2.0831,3.47595,2.00312,2.90326
2054,3.11982,2.94902,3.89713,2.13645,3.12811,2.8196,3.16713,2.7165,2.35466,2.85737,2.80351,2.33882,2.26448,3.19431,2.50373,2.06448,2.57123,3.33907,3.33139,3.50857,2.40114,2.48696,3.05113,1.84502,3.63059,2.14794,2.98693
2055,3.23795,2.76195,3.98114,2.21916,3.28248,2.90349,3.22132,2.96712,2.32965,2.88971,2.91172,2.4183,2.30984,3.2142,2.62829,2.29994,2.21758,3.51143,3.52506,3.69015,2.20088,2.6165,3.1133,1.7104,3.81201,2.24088,3.01574
2056,3.07739,2.68707,4.27692,2.35876,3.39917,3.01103,3.41528,2.79408,2.52857,3.06534,2.96671,2.4555,2.40177,3.52293,2.80322,2.32115,2.31535,3.73756,3.3173,3.70726,2.1413,2.65836,3.3034,1.71364,3.82657,2.01294,3.09097
2057,3.19631,2.85356,4.31075,2.41918,3.32433,3.27992,3.44676,2.69401,2.5339,3.11027,2.98487,2.4731,2.38951,3.48371,2.69235,2.48504,2.61207,3.63616,3.28782,3.7411,2.23079,2.68077,3.25578,1.94762,3.79506,2.15257,3.10181
2058,3.54369,3.17143,4.26129,2.23282,3.25028,3.45284,3.45546,2.91772,2.72492,3.34539,3.18784,2.48269,2.44969,3.50256,2.74852,2.20087,2.76689,3.58177,3.50789,3.67833,2.35006,2.66811,3.08877,2.25251,3.70182,2.21082,3.28254
2059,3.74516,3.05243,4.44733,2.2429,3.32159,3.29152,3.41891,3.226,2.86321,3.31351,3.2677,2.51078,2.52305,3.42857,2.76734,2.04059,2.50078,3.86584,3.66284,3.88097,2.41677,2.79218,3.31658,2.51313,3.76851,2.2912,3.43989
2060,3.60973,3.04576,4.48947,2.453,3.40512,3.20868,3.62966,3.16759,2.71872,3.29576,3.28546,2.52568,2.56391,3.58976,2.8008,2.10131,2.45019,3.71739,3.78481,4.10614,2.48949,2.93213,3.45075,2.30623,3.82796,2.17797,3.38112
2061,3.63923,3.14919,4.54973,2.42327,3.60492,3.44165,3.76871,3.16727,2.72781,3.41659,3.2462,2.7114,2.58573,3.45698,2.95097,2.17251,2.6591,3.79288,3.95482,4.09618,2.62222,2.79903,3.45534,2.4221,3.79758,2.39242,3.25861
2062,3.67554,3.36662,4.58842,2.37846,3.64712,3.70055,3.8147,3.34649,2.86407,3.43863,3.27691,2.72705,2.66346,3.58878,2.84244,2.34731,2.82414,3.96073,3.94874,4.15803,2.59569,2.90688,3.56763,2.41651,3.94,2.44861,3.40879
2063,3.47545,3.33222,4.52461,2.5194,3.7118,3.55057,3.90245,3.19866,2.96852,3.50226,3.52686,2.73277,2.64197,3.83382,2.86748,2.69251,2.65265,3.90968,4.11529,4.33641,2.51775,3.02243,3.62981,2.34012,3.97191,2.32612,3.36791
2064,3.61903,3.07652,4.74873,2.57353,3.66421,3.57668,3.85986,3.39948,2.78053,3.65379,3.47648,2.70569,2.48763,3.86659,3.03227,2.44588,2.551,4.08581,3.8913,4.41371,2.60825,2.92344,3.70567,2.34298,4.06973,2.63977,3.5179
2065,3.80676,3.16944,4.7568,2.60201,3.69212,3.89854,3.86995,3.40679,2.99107,3.46079,3.34273,2.89096,2.56898,3.86549,2.88315,2.14985,2.7632,4.17736,4.01628,4.47194,2.77389,3.11423,3.97304,2.26411,4.02102,2.58447,3.62866
2066,3.90241,3.49119,4.961,2.78208,3.89522,3.87022,3.91239,3.65914,3.22576,3.57393,3.53831,2.99142,2.68693,4.14094,3.14251,2.46342,2.9313,4.15292,4.24732,4.50174,2.80822,3.08665,3.89926,2.49828,4.13776,2.52896,3.85769
2067,4.16787,3.34057,5.1085,2.49692,4.18783,3.57546,4.06603,3.74212,3.35808,3.8046,3.75858,3.0573,2.77187,4.10355,3.33184,2.58811,2.67572,4.19874,4.08491,4.60784,2.6576,3.24153,3.83881,2.58748,4.21801,2.68262,3.76941
2068,4.08373,3.3735,4.93966,2.617,4.19653,3.69495,4.02262,3.75264,3.35017,3.68849,3.66435,2.95853,2.76764,4.14643,3.22024,2.47509,2.60893,4.2977,4.22633,4.53058,2.70862,3.37739,3.98115,2.45003,4.25833,2.57659,3.70578
2069,4.11544,3.39836,5.12638,2.81621,4.07398,3.97829,4.16177,3.67766,3.37721,3.99176,3.8787,2.99042,2.8568,4.1908,3.42448,2.73147,2.8821,4.38974,4.42898,4.70278,2.8746,3.23872,3.96541,2.52796,4.42491,2.81719,3.80795
2070,4.30641,3.41578,5.43366,2.86737,3.76311,4.27821,4.31318,3.83467,3.23772,4.01857,4.03854,3.0709,2.90307,4.37687,3.21724,2.9227,3.24202,4.52949,4.4177,4.94324,3.30335,3.29665,4.16783,2.65403,4.40484,2.76158,4.1103
2071,4.37167,3.59711,5.4787,2.72244,4.03644,4.30664,4.34199,3.78585,3.48636,4.24302,3.71386,3.06921,2.91618,4.5757,3.20841,2.58638,3.01782,4.6477,4.39973,4.95502,3.0959,3.27549,4.27327,2.55079,4.57876,2.80591,4.14337
2072,4.14442,3.49928,5.28088,2.82847,4.31421,4.02826,4.41725,4.06108,3.54689,4.12452,3.84012,3.2065,3.02758,4.50868,3.41869,2.66375,2.96211,4.5804,4.53288,5.15737,2.83529,3.3194,4.46334,2.8622,4.71831,2.70662,3.99069
2073,4.29018,3.71047,5.56981,2.73162,4.26582,4.12599,4.42578,4.20986,3.48126,4.17069,4.3206,3.15206,3.07479,4.44517,3.38968,2.87561,3.07785,4.81918,4.81255,5.11994,2.85329,3.52645,4.41381,3.01566,4.52676,2.8644,3.95801
2074,4.47357,3.69119,5.68091,2.86754,4.14362,4.47984,4.69171,4.11565,3.6091,4.27713,4.39173,3.15103,3.11989,4.56573,3.4507,2.99484,3.42007,4.86497,4.84495,4.91737,3.19172,3.55128,4.50471,2.74392,4.68448,3.00416,4.13349
2075,4.46849,3.64681,5.68223,2.90548,4.20211,4.48748,4.6488,4.24462,3.72688,4.39135,4.06022,3.30413,3.16963,4.45466,3.27601,3.23677,3.34869,4.99283,4.75091,5.09391,3.49632,3.53658,4.55979,2.66238,4.76034,2.95255,4.22573
2076,4.4654,3.74819,5.70404,3.17808,4.35742,4.42707,4.58757,4.27244,3.60372,4.3868,4.16589,3.2613,3.06941,4.63662,3.49236,2.96931,3.07608,4.9982,4.94955,5.40109,3.30022,3.60905,4.65917,3.11096,4.74139,2.8988,4.29799
2077,4.69563,3.93221,5.8735,3.00498,4.44718,4.19565,4.72126,4.45807,3.9211,4.30775,4.615,3.21808,3.03464,4.7793,3.57792,2.78001,3.17219,4.87164,5.12706,5.37509,3.2583,3.66015,4.74422,3.20925,4.79486,3.01656,4.51867
2078,4.75088,4.0473,5.95524,3.18932,4.56167,4.24665,4.86795,4.55828,3.84738,4.34075,4.8218,3.22999,3.20606,4.97535,3.47937,2.87745,3.40743,5.11545,4.96479,5.45672,3.39312,3.75359,4.56564,2.95511,4.94575,3.28418,4.37295
2079,4.56183,4.14697,5.84639,3.15537,4.87078,4.53828,4.92242,4.59173,3.99237,4.5109,4.51669,3.42191,3.18856,5.03024,3.61977,3.17262,3.70388,5.29094,4.91993,5.56147,3.34796,3.76034,4.75191,3.03662,5.10065,3.14332,4.30731
2080,4.75113,4.22076,6.09816,3.26725,4.61283,4.739,5.09914,4.5609,3.94565,4.67782,4.61474,3.44805,3.16826,5.37982,3.46174,3.49647,3.58475,5.20385,5.30084,5.66326,3.35858,3.86129,4.92707,3.2457,5.15003,3.05086,4.48861
2081,5.05374,4.23992,6.39406,3.2006,4.48121,4.64633,5.02293,4.68107,4.15888,4.70601,4.75508,3.36176,3.29083,5.56607,3.57472,3.57776,3.30548,5.46193,5.32051,5.71363,3.41829,3.95043,5.06226,3.1815,5.15238,3.32431,4.49805
2082,5.10071,4.20878,6.25846,3.31583,4.59739,4.721,5.1744,4.72731,4.31423,4.85878,5.05625,3.37546,3.28891,5.19871,3.66732,3.28697,3.48173,5.3562,5.32179,5.79189,3.43795,4.09541,4.89624,3.2407,5.26395,3.44368,4.57586
2083,4.98619,4.35898,6.26952,3.27449,4.80654,4.67792,5.07769,4.98246,4.34347,4.75681,5.23413,3.47508,3.32196,5.34814,3.62109,3.19235,3.86136,5.42365,5.55666,5.84751,3.71006,4.03876,5.04415,3.42515,5.41297,3.26223,4.6625
2084,5.13786,4.37207,6.44432,3.42307,5.1311,4.705,5.25438,4.99796,4.45102,5.0635,5.26518,3.47541,3.30498,5.53214,3.65763,3.29113,3.82917,5.55738,5.42044,5.98831,3.71007,4.22786,5.26943,3.71712,5.35254,3.45668,4.615
2085,5.31654,4.34751,6.57231,3.36619,5.00454,4.92858,5.32037,5.17851,4.62455,5.13189,5.15545,3.45,3.39643,5.36414,3.7299,3.54583,3.40451,5.89857,5.66346,6.03623,3.73988,4.33009,5.37609,3.65832,5.51093,3.47273,4.79463
2086,5.37703,4.56443,6.41795,3.5759,4.91801,5.12242,5.51427,5.27934,4.6682,5.08588,4.9073,3.51871,3.42582,5.61466,3.55024,3.68931,3.44593,5.89364,5.53511,6.04062,3.83014,4.22607,5.35529,3.70786,5.56478,3.50341,4.80106
2087,5.32714,4.37485,6.53297,3.35813,5.04254,5.12848,5.56112,5.17747,4.76157,5.22973,4.94913,3.63897,3.41807,5.88573,3.7787,3.46002,3.64495,5.83855,5.70918,6.20373,3.83877,4.27661,5.49226,3.76496,5.49653,3.43006,4.84048
2088,5.36882,4.4424,6.80482,3.51215,5.31048,5.02992,5.59047,5.28216,4.89265,5.27857,5.3434,3.6824,3.41451,5.83785,3.79656,3.46751,4.06729,6.08115,5.92485,6.31973,3.96824,4.19218,5.52185,3.64876,5.57838,3.54016,4.96515
2089,5.57452,4.68909,6.84123,3.56636,5.53907,5.01914,5.63971,5.52697,4.72434,5.2059,5.49168,3.70886,3.46117,6.02798,3.71654,3.7893,3.83207,6.22404,5.78246,6.60133,3.92104,4.14601,5.70066,3.76692,5.63942,3.90076,5.05523
2090,5.79584,5.06495,6.87373,3.57241,5.27582,5.11853,5.6524,5.31756,5.06854,5.39529,5.13668,3.6903,3.52212,6.14908,3.91078,3.98518,3.84618,6.11195,6.06462,6.5426,3.88492,4.28861,5.59914,3.88642,5.7185,3.72099,5.12176
2091,5.84788,4.64999,7.17816,3.87034,5.13098,5.40009,5.90049,5.59427,5.12855,5.50186,5.42101,3.78749,3.51874,6.10026,3.90704,3.71904,4.18739,6.28034,6.18488,6.51476,3.99227,4.46087,5.81991,3.60782,5.93882,3.80511,5.27006
2092,5.69521,4.7425,7.09033,3.63277,5.42877,5.39033,5.97493,5.62865,5.09525,5.56547,5.79139,3.91866,3.59746,6.10907,3.92685,3.72105,4.32924,6.32959,6.18678,6.62086,3.95065,4.42402,5.8324,3.64612,5.75583,3.83171,5.27051
2093,5.65488,4.90717,7.19569,3.881,5.63246,5.2437,6.11276,5.74044,5.27953,5.56136,5.97302,3.98189,3.73411,6.07882,4.01144,3.86678,3.9905,6.51878,6.40013,6.64607,4.03626,4.38171,5.96907,3.90013,5.81877,3.89141,5.12767
2094,5.72299,4.87597,7.27576,3.76654,5.61519,5.35238,6.02336,5.94875,5.45701,5.78887,5.54921,3.94055,3.74016,6.17019,4.13963,4.10896,3.95339,6.55133,6.38507,6.79408,4.06561,4.61608,6.02543,3.99975,6.02943,3.83547,5.32252
2095,5.90181,4.92368,7.36847,3.56077,5.50875,5.62643,6.17663,6.09518,5.38824,5.88017,5.63598,3.9245,3.82746,6.44505,4.14432,4.04331,4.31158,6.6023,6.38783,7.03627,4.1297,4.48352,6.1129,3.89271,6.06019,3.95516,5.36603
2096,6.03833,4.97463,7.57297,3.84575,5.6587,5.78599,6.3116,6.13867,5.41739,5.95729,5.84194,3.98561,3.81597,6.55867,3.96547,3.95991,4.58218,6.6693,6.5176,7.11228,4.1069,4.67645,6.29966,3.95606,6.04685,3.99565,5.49882
2097,6.01327,5.09947,7.47942,3.83082,5.70414,5.55242,6.30247,6.3357,5.5132,5.92205,5.92746,4.07136,3.96005,6.44681,4.0326,4.08198,4.45548,6.8718,6.60746,7.11144,4.20458,4.89452,6.19797,4.30412,6.13256,3.78292,5.40555
2098,5.94735,5.07509,7.47758,3.92086,5.72054,5.5525,6.52725,6.3823,5.64221,6.11138,6.14628,4.07201,4.00029,6.68074,4.21695,4.4672,4.29189,6.80803,6.57838,7.27392,4.54981,4.58706,6.23016,4.13791,6.20828,4.07868,5.5623
2099,6.27873,5.22913,7.73798,3.70463,5.89005,5.77528,6.4636,6.49377,5.79142,6.21613,6.22182,3.99309,4.08299,6.92063,4.09268,4.27309,4.37404,6.93643,6.74606,7.1068,4.46448,4.69201,6.29413,4.16995,6.32758,4.27399,5.76754
2100,6.35531,5.23369,7.74953,-,5.96543,5.76947,6.48316,6.31402,5.6747,6.24709,6.1195,4.06455,4.11226,6.75831,4.12492,4.27439,4.67382,6.99301,6.90183,7.25503,4.22133,4.9716,6.40569,4.3575,6.29967,4.15385,5.60015